datetime,temperature_celsius,cloud_cover_percent,ghi
2024-06-01 00:00:00,13.594338144280856,73.85751961481908,0.0
2024-06-01 01:00:00,15.845224035170652,34.650297927689685,0.0
2024-06-01 02:00:00,16.28398071593009,23.232068667318494,0.0
2024-06-01 03:00:00,15.686143169686941,59.36927170574878,0.0
2024-06-01 04:00:00,17.55961639889942,43.67452243459628,0.0
2024-06-01 05:00:00,22.42380398228039,15.037928975300119,0.0
2024-06-01 06:00:00,22.72673622362238,35.712939459978564,0.0
2024-06-01 07:00:00,24.996472059812838,11.76166831622062,160.54540061189488
2024-06-01 08:00:00,25.595105326498388,6.32490375008683,360.58930413143355
2024-06-01 09:00:00,26.32885586690911,4.609901848997011,559.5503185259354
2024-06-01 10:00:00,29.413472398655056,71.603756771689,351.21178769457276
2024-06-01 11:00:00,32.6678859541909,76.16673006387987,385.51503760869605
2024-06-01 12:00:00,25.197268509652886,59.59632099746969,460.0999291783834
2024-06-01 13:00:00,28.762324329491094,25.920728279472826,643.5649563181418
2024-06-01 14:00:00,26.478811932857706,1.9357641504814005,676.5984408518913
2024-06-01 15:00:00,26.469103433741118,53.57542638957082,343.31682146627526
2024-06-01 16:00:00,25.009043082342945,66.44152152400179,189.29795182179063
2024-06-01 17:00:00,22.377560385603516,10.077612140938164,174.9868231645295
2024-06-01 18:00:00,23.27522175162324,70.61217476229437,0.0
2024-06-01 19:00:00,19.7251053311141,56.87887190295457,0.0
2024-06-01 20:00:00,19.313351310670715,76.5483218468408,0.0
2024-06-01 21:00:00,16.99399239498341,53.52295593700421,0.0
2024-06-01 22:00:00,10.286452444695609,67.82585974520184,0.0
2024-06-01 23:00:00,16.643320940260462,81.0004643837373,0.0
2024-06-02 00:00:00,16.83144711510964,22.133521844693593,0.0
2024-06-02 01:00:00,15.506554975260453,50.87746673719117,0.0
2024-06-02 02:00:00,12.746391084955254,59.950955566336496,0.0
2024-06-02 03:00:00,17.885937397181294,96.05757776452282,0.0
2024-06-02 04:00:00,17.60666853763231,56.29208348389958,0.0
2024-06-02 05:00:00,18.786315779503024,24.27104126942946,0.0
2024-06-02 06:00:00,19.90579389962763,83.74233159584251,0.0
2024-06-02 07:00:00,22.99575413867284,26.568945832155887,166.26706982068015
2024-06-02 08:00:00,25.730551773791476,90.42370845784285,145.0976135210953
2024-06-02 09:00:00,26.25195717770551,14.012422233113153,504.80283737687813
2024-06-02 10:00:00,31.089252523987593,53.76778030066015,443.6493440270026
2024-06-02 11:00:00,32.042226334550406,75.51302966910825,346.4623104137037
2024-06-02 12:00:00,28.620620747786308,20.852967152839163,654.4532741530751
2024-06-02 13:00:00,30.823214068951483,48.20143380518438,494.2884041738294
2024-06-02 14:00:00,31.290464912168517,55.16196726716159,447.5074295695546
2024-06-02 15:00:00,26.052005065563243,73.97651725499453,256.8402784848302
2024-06-02 16:00:00,27.566810488891395,40.02532436755397,293.38278563433454
2024-06-02 17:00:00,25.95463463581451,25.60442082194293,193.59756447048395
2024-06-02 18:00:00,21.678549252679527,86.33904745491763,0.0
2024-06-02 19:00:00,22.06478461421152,96.01024749546585,0.0
2024-06-02 20:00:00,17.565078397878047,65.20953321411048,0.0
2024-06-02 21:00:00,18.35760346012169,9.54163462328469,0.0
2024-06-02 22:00:00,16.447512302605343,84.62934198801105,0.0
2024-06-02 23:00:00,12.146844780071937,0.882157970682429,0.0
2024-06-03 00:00:00,18.351150661468758,81.911667259432,0.0
2024-06-03 01:00:00,11.010707022761625,7.165704907476245,0.0
2024-06-03 02:00:00,18.51099303089093,30.305774705834885,0.0
2024-06-03 03:00:00,16.37622665850649,55.125727046952896,0.0
2024-06-03 04:00:00,16.25959435438621,57.208934782677154,0.0
2024-06-03 05:00:00,22.47604991580075,8.405622665493052,0.0
2024-06-03 06:00:00,22.9130052602238,52.252686805158376,0.0
2024-06-03 07:00:00,25.78210037104789,86.96563311099099,68.85482669252707
2024-06-03 08:00:00,27.238294175196344,70.89822491318371,202.95849533849685
2024-06-03 09:00:00,30.12277602174933,79.97632107996803,217.02088576848593
2024-06-03 10:00:00,27.645994489979174,0.15740487335889064,700.0470787247459
2024-06-03 11:00:00,30.073550567600996,55.80755790911929,475.0635079194523
2024-06-03 12:00:00,29.005459906645118,10.877134511482412,760.2395509801906
2024-06-03 13:00:00,27.555059788769164,70.31010357056049,408.9691731886432
2024-06-03 14:00:00,26.544332353389095,29.647750788238003,518.033091540743
2024-06-03 15:00:00,29.275447238362474,37.14552414604948,396.27772799341324
2024-06-03 16:00:00,24.979305834706636,74.2934343076379,192.89209187209198
2024-06-03 17:00:00,23.93657181432065,56.098673883126956,106.94569393807669
2024-06-03 18:00:00,26.070760722653723,97.72749124916544,0.0
2024-06-03 19:00:00,18.18687948015736,21.181914173219972,0.0
2024-06-03 20:00:00,18.497896540210633,61.47710193769322,0.0
2024-06-03 21:00:00,15.788330681393699,38.001894703392566,0.0
2024-06-03 22:00:00,12.202142105464372,44.75547416193325,0.0
2024-06-03 23:00:00,14.985770499218772,5.521195687889313,0.0
2024-06-04 00:00:00,14.763561648306323,96.95919591871552,0.0
2024-06-04 01:00:00,16.464432767675042,78.50129851228293,0.0
2024-06-04 02:00:00,16.056633676985207,92.97036903630887,0.0
2024-06-04 03:00:00,17.204704313333608,38.184712950292386,0.0
2024-06-04 04:00:00,20.03637248897165,15.31918324284578,0.0
2024-06-04 05:00:00,17.66921359743525,79.08440985001056,0.0
2024-06-04 06:00:00,19.78560598621265,97.88977403844413,7.23816082868507
2024-06-04 07:00:00,20.452473818431006,87.0997240051763,99.23207909199553
2024-06-04 08:00:00,21.474052412075086,63.78317500909575,224.22468524711002
2024-06-04 09:00:00,24.004662707782913,96.64376991550337,212.92260145415347
2024-06-04 10:00:00,28.71948166597926,68.04373500576459,339.7867081155875
2024-06-04 11:00:00,28.266464956813646,16.60631725560834,695.9193063461541
2024-06-04 12:00:00,29.75863193448692,2.767174937856731,748.0640223926284
2024-06-04 13:00:00,30.585040760322915,94.40686435766993,257.4787861112812
2024-06-04 14:00:00,27.893369808698946,29.14589064315709,515.7387897429787
2024-06-04 15:00:00,27.203551354603626,26.536003232582004,481.32740788379704
2024-06-04 16:00:00,25.550137007997794,27.93018046557172,314.9021482002285
2024-06-04 17:00:00,26.83741174344049,72.10253604414521,81.85335009124873
2024-06-04 18:00:00,24.731531433026632,0.8040997777497894,0.0
2024-06-04 19:00:00,18.46185246123858,22.97516921579531,0.0
2024-06-04 20:00:00,19.741269441703068,93.59509795457113,0.0
2024-06-04 21:00:00,18.33365413267704,39.027164281031425,0.0
2024-06-04 22:00:00,12.57624400261957,65.6167391831561,0.0
2024-06-04 23:00:00,14.019019710447415,57.6628649652075,0.0
2024-06-05 00:00:00,13.327595647899283,45.35378328516608,0.0
2024-06-05 01:00:00,16.538438445490943,14.932067144077177,0.0
2024-06-05 02:00:00,14.726258790795912,68.76551716736661,0.0
2024-06-05 03:00:00,17.458138014292935,53.05865897252692,0.0
2024-06-05 04:00:00,14.717531814000704,28.26363253939831,0.0
2024-06-05 05:00:00,21.583103154574786,27.054921016939915,0.0
2024-06-05 06:00:00,20.869072745360583,89.20281034999053,0.0
2024-06-05 07:00:00,26.495929940489237,7.186510813837743,182.07436822931516
2024-06-05 08:00:00,27.30785076867123,48.44755269214392,284.3587610703698
2024-06-05 09:00:00,28.677233600274583,78.33010400242529,251.36873673905356
2024-06-05 10:00:00,34.06529877004852,48.058964667042204,454.41518203954195
2024-06-05 11:00:00,29.00684718458815,54.40507716990328,503.27677436731915
2024-06-05 12:00:00,25.611970701074824,59.21321829406019,480.4057683182986
2024-06-05 13:00:00,29.53336341475608,27.383213857747123,621.2216601146667
2024-06-05 14:00:00,34.62151259101521,30.249540043709967,507.7179148213843
2024-06-05 15:00:00,24.857922142800554,23.132757390096636,470.6314620272715
2024-06-05 16:00:00,24.651768541348318,96.75289690588066,118.2069849365234
2024-06-05 17:00:00,23.88590403208291,91.77970980309804,109.41789728217978
2024-06-05 18:00:00,19.767663786506564,80.24490876712042,0.0
2024-06-05 19:00:00,19.506789366564856,56.12845641858267,0.0
2024-06-05 20:00:00,19.743753483442934,79.09328281315516,0.0
2024-06-05 21:00:00,21.247910957960826,46.78610530179683,0.0
2024-06-05 22:00:00,16.055199016694623,62.89572251618508,0.0
2024-06-05 23:00:00,14.941235839365932,92.08189219776553,0.0
2024-06-06 00:00:00,15.470491845274022,66.00752778718822,0.0
2024-06-06 01:00:00,18.88262643063267,5.307385443213464,0.0
2024-06-06 02:00:00,16.335479589867038,14.208874455802068,0.0
2024-06-06 03:00:00,12.971199552221528,99.16285463228697,0.0
2024-06-06 04:00:00,19.649029491063146,6.0569662591226425,0.0
2024-06-06 05:00:00,20.194720004189147,11.311115466001953,0.0
2024-06-06 06:00:00,22.901240711687183,95.7719378110301,37.63111626048206
2024-06-06 07:00:00,24.589494641056152,26.003636397380347,165.4234084031391
2024-06-06 08:00:00,25.89365792784406,39.502690529751725,282.3578328337459
2024-06-06 09:00:00,29.727847737449174,9.867608065204369,542.1048430591085
2024-06-06 10:00:00,26.10141179360413,73.80937522080548,332.87291621488924
2024-06-06 11:00:00,28.121865221019604,93.21159579549605,250.84360494094673
2024-06-06 12:00:00,29.378395538815813,41.44638987024977,549.1159623535152
2024-06-06 13:00:00,30.989236940513447,92.02907784982797,265.41973618109233
2024-06-06 14:00:00,28.68164404716321,70.1327460315724,381.18251845747386
2024-06-06 15:00:00,23.476629638862114,0.8208502262093686,526.8819965536027
2024-06-06 16:00:00,24.92103447585204,93.63880748859647,140.77611089300444
2024-06-06 17:00:00,24.582084378390842,59.26973519381724,96.01229088151487
2024-06-06 18:00:00,20.761191246370053,10.897035828946978,0.0
2024-06-06 19:00:00,22.94962373870651,78.31969175380965,0.0
2024-06-06 20:00:00,18.725287072473886,13.718611671098301,0.0
2024-06-06 21:00:00,19.252433615772823,33.88754347697906,0.0
2024-06-06 22:00:00,14.046017861101506,28.545965373774152,0.0
2024-06-06 23:00:00,14.289974031878153,1.462952277685181,0.0
2024-06-07 00:00:00,16.177272901235572,62.97178602042154,0.0
2024-06-07 01:00:00,13.156179468131901,96.53139856124969,0.0
2024-06-07 02:00:00,14.659462362264337,85.32977276279779,0.0
2024-06-07 03:00:00,15.554258795953457,81.40911093679564,0.0
2024-06-07 04:00:00,15.535951192387294,28.869116407873673,0.0
2024-06-07 05:00:00,22.48371097701746,59.83277967437268,0.0
2024-06-07 06:00:00,22.576118508862262,76.81286220514436,0.0
2024-06-07 07:00:00,22.19217332302433,76.09425629819137,102.71265850537999
2024-06-07 08:00:00,30.241731941856106,95.34517207784855,86.066194101833
2024-06-07 09:00:00,26.214141605997305,67.90693712654172,295.64743823786205
2024-06-07 10:00:00,30.078977535458517,88.02628874944457,269.6044642071702
2024-06-07 11:00:00,29.2109934958466,96.82080818251765,274.24951088014797
2024-06-07 12:00:00,32.1354937621388,9.94744044940996,697.2410836104175
2024-06-07 13:00:00,33.02252128833254,88.94189769924401,270.5723030669644
2024-06-07 14:00:00,30.818744237446804,88.32697488746155,297.93121389020547
2024-06-07 15:00:00,29.754196134692275,74.53278016884221,277.64645348173826
2024-06-07 16:00:00,27.022220506113424,21.98248245162493,328.9763834324222
2024-06-07 17:00:00,20.010670270116513,54.494960029745556,112.86054568506275
2024-06-07 18:00:00,23.665158453829243,23.462527194118454,0.0
2024-06-07 19:00:00,18.335343304888724,46.44533585722444,0.0
2024-06-07 20:00:00,19.963312316260076,32.96720763552191,0.0
2024-06-07 21:00:00,17.632279614578593,96.58996456858748,0.0
2024-06-07 22:00:00,16.464758511594308,74.501981308572,0.0
2024-06-07 23:00:00,14.394847299207498,74.19076941342865,0.0
2024-06-08 00:00:00,13.77730215969257,69.91740792062083,0.0
2024-06-08 01:00:00,13.071045219360624,68.68194515555402,0.0
2024-06-08 02:00:00,12.48466785193878,65.54098013265708,0.0
2024-06-08 03:00:00,13.296380880206506,24.404136523898867,0.0
2024-06-08 04:00:00,19.60067088502003,16.020422579532234,0.0
2024-06-08 05:00:00,19.83089933616599,32.591178860717775,0.0
2024-06-08 06:00:00,24.78019048656064,15.908704432306065,16.452072874621177
2024-06-08 07:00:00,24.605451633658422,40.68592392776383,145.41910687312125
2024-06-08 08:00:00,25.643756338089077,44.450891310061614,264.4992400242913
2024-06-08 09:00:00,27.83524372716409,51.99990896383127,386.20529516725094
2024-06-08 10:00:00,29.04682677539374,2.8419461042602734,660.8227914873659
2024-06-08 11:00:00,29.924702348011525,28.423287766345663,576.067527175434
2024-06-08 12:00:00,32.05069091292474,1.5909875049321842,784.9677877764378
2024-06-08 13:00:00,29.704348157124816,14.606055462466438,692.5212533889725
2024-06-08 14:00:00,27.083023417779504,76.61473451260893,337.43134031771257
2024-06-08 15:00:00,22.776219102712147,6.591073895779942,514.1167393720979
2024-06-08 16:00:00,28.69583395409385,95.16543650538588,125.63970365236953
2024-06-08 17:00:00,25.016429728770824,9.47592761473165,215.77149560751934
2024-06-08 18:00:00,20.9263306537975,12.684719028832948,0.0
2024-06-08 19:00:00,16.98149982503032,80.97649045317624,0.0
2024-06-08 20:00:00,15.331215953373007,74.60204434394458,0.0
2024-06-08 21:00:00,17.18526918911308,31.763723060488147,0.0
2024-06-08 22:00:00,15.997658992041519,16.60977639522141,0.0
2024-06-08 23:00:00,15.782090257086525,88.32181129840967,0.0
2024-06-09 00:00:00,15.098100633285418,14.971054609220491,0.0
2024-06-09 01:00:00,17.29932447356955,98.95306108650186,0.0
2024-06-09 02:00:00,15.042051074632012,51.859789954706855,0.0
2024-06-09 03:00:00,19.677023172755874,7.589732861819143,0.0
2024-06-09 04:00:00,19.125060958348964,70.02838348231289,0.0
2024-06-09 05:00:00,18.132983918752704,8.526193780944835,0.0
2024-06-09 06:00:00,21.095712418271965,27.486374325267914,0.0
2024-06-09 07:00:00,21.38899246136332,85.3540076182218,80.49758821702181
2024-06-09 08:00:00,25.483512625303,1.9162641927047197,367.17411736053646
2024-06-09 09:00:00,24.99691704439609,31.868086955478013,441.2933002120718
2024-06-09 10:00:00,26.49513774101203,28.61701644064427,589.7872074697542
2024-06-09 11:00:00,30.709663211666424,47.80012864474442,514.5357313914452
2024-06-09 12:00:00,30.477672333215665,48.456776102649194,537.209434101188
2024-06-09 13:00:00,30.791392474325775,31.201831962474035,630.4170070709376
2024-06-09 14:00:00,29.523523715216236,39.36648233673553,522.4414235936983
2024-06-09 15:00:00,29.996497702284195,2.933397130631521,563.2114386915084
2024-06-09 16:00:00,26.472476458561207,57.77817894393896,234.59876834141372
2024-06-09 17:00:00,24.087015867052546,41.01282594185721,134.3195624237813
2024-06-09 18:00:00,22.820861568029795,17.32607750032785,0.0
2024-06-09 19:00:00,20.35323657538891,52.42044585352732,0.0
2024-06-09 20:00:00,22.331871852632034,43.02580125978599,0.0
2024-06-09 21:00:00,18.865220833030424,42.453480658588525,0.0
2024-06-09 22:00:00,13.29440938139742,93.96791511772837,0.0
2024-06-09 23:00:00,15.247470932998272,48.87072765675019,0.0
2024-06-10 00:00:00,11.575583125723037,64.3884203525284,0.0
2024-06-10 01:00:00,13.089245954597564,84.91846405554232,0.0
2024-06-10 02:00:00,15.552339592966996,39.53473139560967,0.0
2024-06-10 03:00:00,13.875913635740039,94.74849233244784,0.0
2024-06-10 04:00:00,19.241239806283605,85.596813489958,0.0
2024-06-10 05:00:00,20.625929503345038,28.651078137355547,0.0
2024-06-10 06:00:00,22.24638941560403,1.0571074285804283,10.728540223451432
2024-06-10 07:00:00,25.04976496125973,48.2495380425222,117.7741937001139
2024-06-10 08:00:00,26.587848980711758,71.66423269329246,215.50952595894137
2024-06-10 09:00:00,25.283293394040218,81.89354229368216,240.49787843236237
2024-06-10 10:00:00,29.77121072672857,19.09676553491576,593.5478577610203
2024-06-10 11:00:00,30.15522292106056,38.90234496358247,557.708758690978
2024-06-10 12:00:00,29.48475876607882,14.840115995734749,731.2243235541255
2024-06-10 13:00:00,25.645050369147274,98.2389043251271,251.562309636574
2024-06-10 14:00:00,32.818055060083154,97.22093908156066,208.472321849947
2024-06-10 15:00:00,28.98456829160284,16.088496697697995,512.0684686761942
2024-06-10 16:00:00,30.635029544207775,61.294778548929074,241.8741530451752
2024-06-10 17:00:00,23.58611332448684,49.0931876123802,95.82092164582882
2024-06-10 18:00:00,20.018814225394884,85.15348993957748,0.0
2024-06-10 19:00:00,24.0368497656783,71.12161507711754,0.0
2024-06-10 20:00:00,20.259495848240793,5.350655939560934,0.0
2024-06-10 21:00:00,19.53951833913175,70.28595041011069,0.0
2024-06-10 22:00:00,15.727467922158514,94.84758241658778,0.0
2024-06-10 23:00:00,15.307966015587336,72.45761779563964,0.0
2024-06-11 00:00:00,15.340373801554836,31.743587864830136,0.0
2024-06-11 01:00:00,15.996581661086767,18.233354153363035,0.0
2024-06-11 02:00:00,13.724153710682765,5.8977969959390535,0.0
2024-06-11 03:00:00,19.55349455637272,90.96008125077437,0.0
2024-06-11 04:00:00,16.890359670431714,48.748044762465966,0.0
2024-06-11 05:00:00,18.012676473602077,64.27648304188533,0.0
2024-06-11 06:00:00,19.021108550620312,57.81758409808726,2.486995491616596
2024-06-11 07:00:00,23.076179519265317,1.4853122455348866,188.86438633621742
2024-06-11 08:00:00,25.56473935134395,43.4611032026601,267.1214445960369
2024-06-11 09:00:00,28.30086673696857,79.27652075141202,207.7432281123369
2024-06-11 10:00:00,31.156160014856077,25.507167986685666,566.3087082853655
2024-06-11 11:00:00,30.548509909725265,71.4490772811775,414.2398262391006
2024-06-11 12:00:00,31.71024326326678,32.539613409917386,654.3822238897285
2024-06-11 13:00:00,26.86779627356597,54.370601482646094,473.6626676859111
2024-06-11 14:00:00,27.55203655049315,77.03403781765019,266.1713591664349
2024-06-11 15:00:00,28.34054300257784,42.557275159797726,417.00990120291596
2024-06-11 16:00:00,29.262328813985125,53.90563982151041,272.4910347295429
2024-06-11 17:00:00,30.572868129655394,3.2844199382250916,213.72622250542625
2024-06-11 18:00:00,20.13414156954998,31.60686544607828,0.0
2024-06-11 19:00:00,19.763421759101735,72.58886967090251,0.0
2024-06-11 20:00:00,21.087920842439615,98.84350078108838,0.0
2024-06-11 21:00:00,13.586055120832409,39.33310291678724,0.0
2024-06-11 22:00:00,13.338117446553165,93.9077362210419,0.0
2024-06-11 23:00:00,15.198077209829895,4.16052055544921,0.0
2024-06-12 00:00:00,14.635835819820405,69.37235514563186,0.0
2024-06-12 01:00:00,16.32025652415287,81.45024172996678,0.0
2024-06-12 02:00:00,14.934163815914355,98.24416518477193,0.0
2024-06-12 03:00:00,14.377192844252441,11.417151055912333,0.0
2024-06-12 04:00:00,17.436942294452844,47.45718011261838,0.0
2024-06-12 05:00:00,18.70529217098813,54.605677614279315,0.0
2024-06-12 06:00:00,22.55790261577653,37.22734418796547,21.38440400932033
2024-06-12 07:00:00,23.540124729506324,33.038107836089125,136.58288759390072
2024-06-12 08:00:00,28.4204937226806,92.95052331517526,160.84645100981123
2024-06-12 09:00:00,26.295216642747114,52.59125768117314,367.86839945283504
2024-06-12 10:00:00,31.152004882447883,86.53251007790959,281.22902701091
2024-06-12 11:00:00,27.97589898845824,46.10734386164525,533.681139632516
2024-06-12 12:00:00,28.51467449992959,92.63304824162348,281.63409965378975
2024-06-12 13:00:00,31.598630009381797,19.763341672220847,633.9398571460554
2024-06-12 14:00:00,28.692086817241798,80.20852288171245,299.9033266814698
2024-06-12 15:00:00,26.943135871749863,27.602672075555624,430.8096654223894
2024-06-12 16:00:00,26.81982812812138,76.07023405726699,183.3790229210397
2024-06-12 17:00:00,24.523603616645264,0.9063494527183247,214.7768766485775
2024-06-12 18:00:00,21.09969096163965,61.02639515830087,0.0
2024-06-12 19:00:00,19.995447610541714,34.90438301323492,0.0
2024-06-12 20:00:00,18.188121451442203,82.87963182754558,0.0
2024-06-12 21:00:00,15.783482895328246,70.8085632840877,0.0
2024-06-12 22:00:00,18.223967879206047,22.664047114003516,0.0
2024-06-12 23:00:00,17.44733040076179,38.18454841265678,0.0
2024-06-13 00:00:00,16.113289459094275,21.118244978457756,0.0
2024-06-13 01:00:00,10.36904502865857,94.19360630333802,0.0
2024-06-13 02:00:00,13.575959274739045,91.29747308424155,0.0
2024-06-13 03:00:00,15.922640122196434,95.23239132284755,0.0
2024-06-13 04:00:00,17.599668575334114,55.28269720473102,0.0
2024-06-13 05:00:00,21.389990747132465,52.51041539079818,0.0
2024-06-13 06:00:00,19.859366169195297,64.81395393880685,24.86945327664667
2024-06-13 07:00:00,23.026603708153697,90.9676253756935,76.10913447370018
2024-06-13 08:00:00,27.816103344237085,55.58067097509357,291.32272044958256
2024-06-13 09:00:00,27.1809520023666,88.05481976562477,262.1037012364071
2024-06-13 10:00:00,29.527594322702797,87.77169720806123,277.0118842939768
2024-06-13 11:00:00,31.54244516893817,73.98371232529995,391.20111182015535
2024-06-13 12:00:00,32.85077903901292,48.5361133631775,551.6364500015891
2024-06-13 13:00:00,27.093272602374377,69.08928937655924,395.96873387135645
2024-06-13 14:00:00,26.507707719149852,52.904648556689196,433.3946055742281
2024-06-13 15:00:00,27.87287944502782,16.490978943735335,524.8181989042437
2024-06-13 16:00:00,24.060813567052236,64.24732787314653,221.6402023836039
2024-06-13 17:00:00,19.194776437824167,6.02396241542359,176.86655967866182
2024-06-13 18:00:00,21.913862838899902,73.75415570669001,0.0
2024-06-13 19:00:00,20.22026354106999,6.600192360979595,0.0
2024-06-13 20:00:00,18.897689663932045,32.339020293030764,0.0
2024-06-13 21:00:00,18.091382197041874,8.644575648051035,0.0
2024-06-13 22:00:00,13.762408734439166,51.05547255983662,0.0
2024-06-13 23:00:00,14.437298754987879,18.123092719968525,0.0
2024-06-14 00:00:00,14.195743485277124,38.101231555671035,0.0
2024-06-14 01:00:00,13.233824342345306,11.782604167037148,0.0
2024-06-14 02:00:00,15.91379694029172,37.01207705968517,0.0
2024-06-14 03:00:00,20.081299556751894,75.87066842073517,0.0
2024-06-14 04:00:00,18.48054825212795,0.39316063934797807,0.0
2024-06-14 05:00:00,19.045363278889575,43.89716450650951,0.0
2024-06-14 06:00:00,23.862724699485067,11.36730948274125,0.0
2024-06-14 07:00:00,24.445408992847902,78.84999608993851,65.29188124949872
2024-06-14 08:00:00,28.24946370741999,9.904319021027884,404.7417814394696
2024-06-14 09:00:00,28.419111934417543,58.96557304293202,363.356130337664
2024-06-14 10:00:00,26.969809186917235,59.99255890922112,431.1518713834668
2024-06-14 11:00:00,29.166624366309048,72.28283281866678,400.92903581973565
2024-06-14 12:00:00,29.06735810744919,31.148415158336405,604.7158035251182
2024-06-14 13:00:00,29.829892198863313,33.1506151789401,607.9848952165505
2024-06-14 14:00:00,28.960979633139043,46.372833792251775,483.50765192426604
2024-06-14 15:00:00,31.80102510023529,0.4897720084097279,533.6204312821488
2024-06-14 16:00:00,24.165308335730163,49.87754082605764,252.46490252045356
2024-06-14 17:00:00,23.346243106097404,22.863932205482918,153.0207204102642
2024-06-14 18:00:00,20.44163520322852,60.27343314150795,0.0
2024-06-14 19:00:00,21.777846838061237,88.54950244614751,0.0
2024-06-14 20:00:00,17.26860970885626,57.11558724519751,0.0
2024-06-14 21:00:00,16.566351018692558,78.39756483930512,0.0
2024-06-14 22:00:00,12.859184005649592,78.16265099366873,0.0
2024-06-14 23:00:00,14.793066136811634,55.558485856257164,0.0
2024-06-15 00:00:00,15.099808297924469,17.864591677326324,0.0
2024-06-15 01:00:00,14.562841640000247,33.6205238280586,0.0
2024-06-15 02:00:00,14.360688252056832,90.21014262984957,0.0
2024-06-15 03:00:00,17.55033478151974,61.56117992176134,0.0
2024-06-15 04:00:00,15.494692536019532,38.92129005678777,0.0
2024-06-15 05:00:00,20.470659654465546,90.43346228300781,0.0
2024-06-15 06:00:00,23.33442901740413,62.605243430205036,0.0
2024-06-15 07:00:00,24.32118080864752,47.827109551487204,131.72444280572802
2024-06-15 08:00:00,25.481231893445084,95.40034162004443,134.96702813592972
2024-06-15 09:00:00,31.630748889595065,80.40960846079369,253.35605826600474
2024-06-15 10:00:00,30.258388218378332,37.83866598713097,511.0377457301529
2024-06-15 11:00:00,27.962984739172878,32.560868360805,590.4186423198906
2024-06-15 12:00:00,33.96623067658358,90.51996451574864,322.7545631368477
2024-06-15 13:00:00,30.346317896195583,12.16081998590115,719.6324234219915
2024-06-15 14:00:00,29.09467630650081,20.73370354126055,599.9006390114031
2024-06-15 15:00:00,28.338224151105578,10.610058472881324,512.9908838957646
2024-06-15 16:00:00,26.37699074049527,38.27182306522767,287.231972145325
2024-06-15 17:00:00,26.51585388664457,51.08393690523646,127.98375161454105
2024-06-15 18:00:00,20.370529980249046,35.17794123520358,0.0
2024-06-15 19:00:00,22.353909377891366,23.31132137369285,0.0
2024-06-15 20:00:00,18.19655685624259,92.36713309896682,0.0
2024-06-15 21:00:00,15.924140214190372,40.16526668964324,0.0
2024-06-15 22:00:00,14.994392915914682,81.70186523066256,0.0
2024-06-15 23:00:00,16.099157030911428,19.199992724262405,0.0
2024-06-16 00:00:00,16.564226765581278,31.000166592426424,0.0
2024-06-16 01:00:00,11.300126865252622,77.70369091046598,0.0
2024-06-16 02:00:00,16.709075021843624,22.460588188751906,0.0
2024-06-16 03:00:00,17.816185243268073,79.23092074641252,0.0
2024-06-16 04:00:00,16.257907913447603,78.56360015765183,0.0
2024-06-16 05:00:00,18.013600353998715,43.885542385423214,0.0
2024-06-16 06:00:00,20.14793433442769,24.841470872947248,0.0
2024-06-16 07:00:00,22.8509800666366,40.65592491753155,125.1201908390506
2024-06-16 08:00:00,28.27734357126527,12.893345137139589,357.2858026209459
2024-06-16 09:00:00,26.429822879955914,35.52493821683126,438.73784413250877
2024-06-16 10:00:00,28.120783621603618,49.588429176829585,458.87865065008435
2024-06-16 11:00:00,30.9061498749401,81.76395501793824,318.33432908678265
2024-06-16 12:00:00,33.25395377168451,33.169785260039795,594.5347903803162
2024-06-16 13:00:00,30.008485363693506,61.608683445702525,407.5161514030918
2024-06-16 14:00:00,29.520191637495635,95.74769372248319,225.73438590635544
2024-06-16 15:00:00,26.39573286862456,71.87628399809508,241.4564002419652
2024-06-16 16:00:00,22.081341065787914,84.21079721267259,134.80269242410986
2024-06-16 17:00:00,24.43007556328119,41.09745945828443,163.94618553414608
2024-06-16 18:00:00,20.657688199653993,88.38678928980453,0.0
2024-06-16 19:00:00,19.484992697521392,57.78483250543716,0.0
2024-06-16 20:00:00,13.204687320294372,82.26257590069795,0.0
2024-06-16 21:00:00,20.312709537266322,89.0434885234242,0.0
2024-06-16 22:00:00,15.98838173945664,96.37649930738348,0.0
2024-06-16 23:00:00,12.183774482747841,57.310586581899535,0.0
2024-06-17 00:00:00,12.205452942774945,34.48044593901669,0.0
2024-06-17 01:00:00,11.986281897502888,49.780824842247085,0.0
2024-06-17 02:00:00,14.418716285854774,6.03960719676051,0.0
2024-06-17 03:00:00,17.486640798251155,12.357437055767019,0.0
2024-06-17 04:00:00,19.502966429528957,41.32393215788576,0.0
2024-06-17 05:00:00,21.488928481175368,0.02412320736627782,0.0
2024-06-17 06:00:00,20.0053413890161,26.39345822572947,0.0
2024-06-17 07:00:00,26.03008614474113,91.54042494097312,33.79003696961641
2024-06-17 08:00:00,26.670850604657584,92.56673501666279,156.5809290155671
2024-06-17 09:00:00,22.158735110656,52.27444200605183,373.8027570982879
2024-06-17 10:00:00,29.907663075646642,18.20675906778376,609.8296528056233
2024-06-17 11:00:00,27.724173341074565,2.6994701210243943,716.219749722327
2024-06-17 12:00:00,30.752813517097504,9.503657927762521,782.1042397133423
2024-06-17 13:00:00,33.264738608381364,18.363068028963138,684.8968778579398
2024-06-17 14:00:00,31.102411767801083,87.50980805427496,236.34917080613747
2024-06-17 15:00:00,30.604323606750427,64.97890056678399,271.6787550443434
2024-06-17 16:00:00,23.93397184712749,37.18234929470474,339.09334362194306
2024-06-17 17:00:00,24.646013166563897,26.948828421972237,171.31374770661907
2024-06-17 18:00:00,23.190929554048168,12.846286981085587,0.0
2024-06-17 19:00:00,19.549118227137097,12.282524250464933,0.0
2024-06-17 20:00:00,16.138971031846346,24.583634651105722,0.0
2024-06-17 21:00:00,16.415025693244413,36.51788804954001,0.0
2024-06-17 22:00:00,13.006728398580254,11.95794718302291,0.0
2024-06-17 23:00:00,10.44202392483438,39.25815421575597,0.0
2024-06-18 00:00:00,20.938600551092673,90.25103564940449,0.0
2024-06-18 01:00:00,15.32201885665307,30.201169661415317,0.0
2024-06-18 02:00:00,15.357262563828597,74.43999177180038,0.0
2024-06-18 03:00:00,17.468709631539113,6.568747124503149,0.0
2024-06-18 04:00:00,17.95438932472203,1.8698453020480565,0.0
2024-06-18 05:00:00,21.16504919080437,39.958306977711324,0.0
2024-06-18 06:00:00,24.12028033820192,93.84093919142187,0.0
2024-06-18 07:00:00,22.71871152983739,89.70469830657454,77.87720357143556
2024-06-18 08:00:00,27.909509883191884,79.72933936923016,172.28150289328323
2024-06-18 09:00:00,27.333429405809834,92.10225242231179,195.9757736486897
2024-06-18 10:00:00,29.851710783000396,18.564104866197482,610.0664322349736
2024-06-18 11:00:00,29.552129401082322,16.90500300272214,672.9300153598706
2024-06-18 12:00:00,28.517998054509864,2.9803595619048884,803.1685828661307
2024-06-18 13:00:00,33.140759527020016,49.122909667511315,520.7195738789262
2024-06-18 14:00:00,28.774017526249295,69.12035501261059,378.54031219251846
2024-06-18 15:00:00,26.931395289966346,15.78033904119982,499.49960776009203
2024-06-18 16:00:00,24.127143870719156,76.0598272519052,179.14506761623045
2024-06-18 17:00:00,23.00134900368446,8.46181303530823,197.15079815804475
2024-06-18 18:00:00,22.084448279513442,33.92777014267009,0.0
2024-06-18 19:00:00,17.927092217973893,83.165293332927,0.0
2024-06-18 20:00:00,18.323684704752203,49.51339504377101,0.0
2024-06-18 21:00:00,17.04572282245066,15.939932325504468,0.0
2024-06-18 22:00:00,10.2921281899573,93.75946339465528,0.0
2024-06-18 23:00:00,11.165060324661614,1.0296460504991778,0.0
2024-06-19 00:00:00,14.688296382696967,62.993265065659585,0.0
2024-06-19 01:00:00,14.814720801603471,62.69514808906882,0.0
2024-06-19 02:00:00,11.849906769434686,80.4875768866326,0.0
2024-06-19 03:00:00,18.08567009967629,11.555675679487987,0.0
2024-06-19 04:00:00,15.318030212175838,12.667055303148,0.0
2024-06-19 05:00:00,19.634824965039005,25.959695767171663,0.0
2024-06-19 06:00:00,24.08827386692917,80.5129743304236,0.0
2024-06-19 07:00:00,22.81414029439339,43.53355060485882,122.38491404063589
2024-06-19 08:00:00,27.209366959363265,76.4852588026538,212.52293901617583
2024-06-19 09:00:00,27.380359208352175,32.741642808682435,468.666770156645
2024-06-19 10:00:00,29.575944744879163,50.53318617913464,474.46510032902273
2024-06-19 11:00:00,29.021977440860354,17.76011452170596,691.7927906485345
2024-06-19 12:00:00,27.6735929012178,14.940726330744436,705.8881979330598
2024-06-19 13:00:00,25.39470780340896,63.53906557383038,404.57363686787943
2024-06-19 14:00:00,27.946772151678083,34.59272122181829,495.81752038048444
2024-06-19 15:00:00,26.68780651606088,12.285622278897767,500.66588209741667
2024-06-19 16:00:00,25.784302089749357,50.25683536155201,210.98122350896514
2024-06-19 17:00:00,23.99683026824053,47.25195617334249,127.76405936448532
2024-06-19 18:00:00,21.258658358882027,88.5174291661886,0.0
2024-06-19 19:00:00,17.308803319825245,6.139595096260752,0.0
2024-06-19 20:00:00,15.750978974592842,14.97482108609195,0.0
2024-06-19 21:00:00,18.15269437347904,32.465988758410234,0.0
2024-06-19 22:00:00,15.244989938592644,49.7515345559949,0.0
2024-06-19 23:00:00,14.519672780712297,73.96455181795857,0.0
2024-06-20 00:00:00,14.04566819800045,26.459460283597526,0.0
2024-06-20 01:00:00,14.44050255953668,76.63937031146541,0.0
2024-06-20 02:00:00,12.847733579152202,91.3812630070654,0.0
2024-06-20 03:00:00,10.873193843984742,21.870652260609713,0.0
2024-06-20 04:00:00,15.27501518008156,62.59519518272383,0.0
2024-06-20 05:00:00,20.25275113577015,14.649417233916019,0.0
2024-06-20 06:00:00,23.910863835391662,91.6731652311771,0.0
2024-06-20 07:00:00,19.922106849569698,22.91307799542559,195.2053683763772
2024-06-20 08:00:00,25.80637250511777,55.02745447839879,276.2489239906699
2024-06-20 09:00:00,27.33757003914575,83.08105251780572,283.4192570997766
2024-06-20 10:00:00,27.357571168733873,37.38776180234478,501.26498475843573
2024-06-20 11:00:00,32.607753020306426,78.18493342381713,346.6537646260867
2024-06-20 12:00:00,30.509275688936924,45.10639159304086,543.8780754850342
2024-06-20 13:00:00,28.999857568811002,41.00212025813712,571.2137795512833
2024-06-20 14:00:00,27.66314787481722,48.83527283201923,447.1974125294783
2024-06-20 15:00:00,26.070776423606645,25.195592721369586,469.36330576707167
2024-06-20 16:00:00,24.787822922153893,72.42871166596593,202.84849362562085
2024-06-20 17:00:00,23.746038930788558,61.322782855556035,115.27757582080571
2024-06-20 18:00:00,24.05293151490483,99.73068137385899,0.0
2024-06-20 19:00:00,19.836972765895336,92.92693703186387,0.0
2024-06-20 20:00:00,17.224930413137194,53.37258905975894,0.0
2024-06-20 21:00:00,16.47364148531922,1.6568148415524786,0.0
2024-06-20 22:00:00,13.25722080324989,20.14832004631173,0.0
2024-06-20 23:00:00,14.372708139264947,72.44504234186392,0.0
2024-06-21 00:00:00,11.957899621629538,81.38257488144596,0.0
2024-06-21 01:00:00,16.255714745139844,33.89774819580455,0.0
2024-06-21 02:00:00,18.728168388268582,84.89569706503161,0.0
2024-06-21 03:00:00,12.959624579829768,14.905392838669052,0.0
2024-06-21 04:00:00,14.741880597449658,20.909761051362818,0.0
2024-06-21 05:00:00,15.936946172672403,77.71907683856246,0.0
2024-06-21 06:00:00,22.02809416952954,81.78371785822517,1.0783226951575782
2024-06-21 07:00:00,24.840594239668466,12.746734531388714,183.77064309646198
2024-06-21 08:00:00,23.766246334505738,34.431042769278704,334.3587814783494
2024-06-21 09:00:00,23.78798685548335,56.618291900785664,350.4712008562786
2024-06-21 10:00:00,28.15294585265933,98.6984507746821,240.1932905248401
2024-06-21 11:00:00,29.754222701662197,74.76761899415185,377.25631093001294
2024-06-21 12:00:00,29.16845259265744,22.065103124288342,641.8872413616583
2024-06-21 13:00:00,31.090970712462106,92.9738899891999,277.7784673879655
2024-06-21 14:00:00,28.95105170798863,73.92163981356819,324.67432949854896
2024-06-21 15:00:00,30.014598214147256,70.18442860770708,301.25376445172196
2024-06-21 16:00:00,24.70563646268572,56.5103984860192,235.86267544659992
2024-06-21 17:00:00,23.54976700219218,17.616545591399703,172.23806812268035
2024-06-21 18:00:00,26.768437217900196,34.433924023529194,0.0
2024-06-21 19:00:00,20.64812061833834,34.42290447686938,0.0
2024-06-21 20:00:00,19.988089958853514,90.59901304297685,0.0
2024-06-21 21:00:00,14.833178455171453,51.431569119968735,0.0
2024-06-21 22:00:00,15.820459015967755,0.2467760614219161,0.0
2024-06-21 23:00:00,16.044958237459607,59.27844704406351,0.0
2024-06-22 00:00:00,14.705971070751923,53.288633445895606,0.0
2024-06-22 01:00:00,12.323677061145322,36.362408288895665,0.0
2024-06-22 02:00:00,16.944732154559027,35.025030548620165,0.0
2024-06-22 03:00:00,17.53036787694032,73.32949175835739,0.0
2024-06-22 04:00:00,19.017550536510164,78.62466244154676,0.0
2024-06-22 05:00:00,17.38335930299666,7.225265255523372,0.0
2024-06-22 06:00:00,23.387674910924456,37.091497534953234,0.0
2024-06-22 07:00:00,23.784863466295285,44.97740779269678,155.51646928800577
2024-06-22 08:00:00,25.692211970395988,33.37641337985292,310.7336236125038
2024-06-22 09:00:00,27.48518633646483,83.23547577368983,203.41554714894897
2024-06-22 10:00:00,32.999494346471906,57.0341206363413,392.9860949453546
2024-06-22 11:00:00,31.812249160588777,42.24577970551305,520.8038126812105
2024-06-22 12:00:00,28.60442441522307,99.57737199045997,288.6003429560761
2024-06-22 13:00:00,31.569109417911854,95.79000597690033,232.71981704947646
2024-06-22 14:00:00,28.198146156437122,30.97101400513196,542.5884266244275
2024-06-22 15:00:00,27.328586728822344,18.28804322030836,464.0139853599236
2024-06-22 16:00:00,26.066873416685205,90.49820906222001,116.07194109429551
2024-06-22 17:00:00,24.004331488653392,18.096937248732115,207.63881357272552
2024-06-22 18:00:00,24.3144785053515,41.28212049946054,0.0
2024-06-22 19:00:00,21.05426459791671,44.70491503402714,0.0
2024-06-22 20:00:00,19.956321541178465,52.66969835033871,0.0
2024-06-22 21:00:00,12.551644114195682,0.37091300162628293,0.0
2024-06-22 22:00:00,12.40888109633363,90.78326214558258,0.0
2024-06-22 23:00:00,10.772608828255906,50.59625699165863,0.0
2024-06-23 00:00:00,12.886054175620224,36.85666967084946,0.0
2024-06-23 01:00:00,13.880752850301048,25.81184658907949,0.0
2024-06-23 02:00:00,16.784233966186186,72.84948715449774,0.0
2024-06-23 03:00:00,17.047064633653747,68.80557661834304,0.0
2024-06-23 04:00:00,17.612030522395127,66.47990579553853,0.0
2024-06-23 05:00:00,17.014781388516433,85.33207467371348,0.0
2024-06-23 06:00:00,23.764610548984848,62.190724025791035,0.0
2024-06-23 07:00:00,24.310973482463428,39.786724551863,120.64385081397249
2024-06-23 08:00:00,26.2014418779358,35.8519575635877,270.47880658969683
2024-06-23 09:00:00,28.657970822930416,46.594172622628896,356.1201297159445
2024-06-23 10:00:00,26.516515749363982,60.41373538601662,403.5199308231346
2024-06-23 11:00:00,28.10101623888887,99.70350655864331,244.58683874401038
2024-06-23 12:00:00,32.12363334710242,64.86933229748432,471.23045008140485
2024-06-23 13:00:00,27.366776981886375,75.41680614059207,368.05720101183454
2024-06-23 14:00:00,30.436232630727112,89.62121877331003,234.9222746751546
2024-06-23 15:00:00,28.401579373530414,46.24989738150591,396.0573561544889
2024-06-23 16:00:00,29.38938373629732,70.34139804128952,206.82507776437598
2024-06-23 17:00:00,26.02590765184768,82.20303240535188,87.97230155209293
2024-06-23 18:00:00,19.163436234954357,43.08260502727415,0.0
2024-06-23 19:00:00,19.989544493338407,44.404436248004,0.0
2024-06-23 20:00:00,16.545485093726626,58.85813820267914,0.0
2024-06-23 21:00:00,18.837884352879495,76.83138468908956,0.0
2024-06-23 22:00:00,17.263234147179652,98.10121085185688,0.0
2024-06-23 23:00:00,16.918707392571687,56.0111160751632,0.0
2024-06-24 00:00:00,14.479221081273817,41.73423306857739,0.0
2024-06-24 01:00:00,19.485123947341755,24.216982326019888,0.0
2024-06-24 02:00:00,15.786026350939453,88.8296209113628,0.0
2024-06-24 03:00:00,14.263929947271308,65.47455354721698,0.0
2024-06-24 04:00:00,18.29118823442996,95.45081462067463,0.0
2024-06-24 05:00:00,20.764832840891845,35.66163761119853,0.0
2024-06-24 06:00:00,22.407818300341066,56.739700387951665,5.304964297474317
2024-06-24 07:00:00,23.24515851075321,94.1033523699694,80.25557166186756
2024-06-24 08:00:00,26.61789937884022,29.10454652684511,321.75016546355175
2024-06-24 09:00:00,27.95589179045235,36.76703799240298,425.5166806610113
2024-06-24 10:00:00,29.480039445560248,25.206723917983766,574.466197972171
2024-06-24 11:00:00,29.805347056704242,70.1938948370598,403.18870249230713
2024-06-24 12:00:00,32.64409369966747,36.101615823353406,579.9536061873473
2024-06-24 13:00:00,30.87059475572541,0.5546633110876664,776.3961751049259
2024-06-24 14:00:00,30.998977979670542,52.95376272294258,450.97164622094675
2024-06-24 15:00:00,27.97535942743849,36.394160323506874,430.7588579063651
2024-06-24 16:00:00,25.59622527470261,91.52036353524396,142.31106437722644
2024-06-24 17:00:00,26.78606931973722,57.420838487293715,131.55472083673794
2024-06-24 18:00:00,20.752301504034914,3.395413225052002,0.0
2024-06-24 19:00:00,16.17627777477875,81.8526952570887,0.0
2024-06-24 20:00:00,22.176063922409128,27.205107951648632,0.0
2024-06-24 21:00:00,16.838467774366386,72.50958992800612,0.0
2024-06-24 22:00:00,12.900275907690778,11.731177974255026,0.0
2024-06-24 23:00:00,10.0,59.53536903251416,0.0
2024-06-25 00:00:00,16.49600849530345,74.52240613301052,0.0
2024-06-25 01:00:00,13.54171986780783,94.20027695748756,0.0
2024-06-25 02:00:00,15.619224261015038,61.46480800988164,0.0
2024-06-25 03:00:00,16.6302124761532,52.06259274121774,0.0
2024-06-25 04:00:00,17.216719277598884,94.93199296817463,0.0
2024-06-25 05:00:00,22.817399672807525,75.88797890038185,0.0
2024-06-25 06:00:00,18.9893395291958,25.342738784922503,4.174231642200535
2024-06-25 07:00:00,25.274714011834998,26.769006505717496,199.1357957287807
2024-06-25 08:00:00,26.838091504325444,28.656421358969087,353.3134487195273
2024-06-25 09:00:00,29.009766127228225,5.048462305081324,547.0224910577737
2024-06-25 10:00:00,28.088208467639003,18.81495222186261,585.0726571480757
2024-06-25 11:00:00,31.04407785439201,18.13890097373133,651.9947427655284
2024-06-25 12:00:00,27.11989707417924,82.0253021740837,341.92306342395375
2024-06-25 13:00:00,29.99461862721098,85.37651198784786,329.27987135761896
2024-06-25 14:00:00,30.562149557240723,8.972683125166625,641.2080648685537
2024-06-25 15:00:00,26.447108793539908,30.072999096989893,436.90229097280314
2024-06-25 16:00:00,28.453126049425386,48.325200214129474,301.4485469833007
2024-06-25 17:00:00,22.771623505665058,51.10391288929061,127.35504722163913
2024-06-25 18:00:00,24.48277878385921,68.77715427317234,0.0
2024-06-25 19:00:00,22.251691877164554,66.1037058593195,0.0
2024-06-25 20:00:00,17.208169328236767,67.9369217045855,0.0
2024-06-25 21:00:00,17.52879921669212,68.03403485526377,0.0
2024-06-25 22:00:00,14.210411744487468,94.75601879308475,0.0
2024-06-25 23:00:00,15.546866501278558,64.0676086805981,0.0
2024-06-26 00:00:00,11.64377315464016,37.88010808762935,0.0
2024-06-26 01:00:00,13.89278430223044,76.51095342067254,0.0
2024-06-26 02:00:00,16.65137626118549,35.69249947817204,0.0
2024-06-26 03:00:00,13.578839099163986,97.72845588011158,0.0
2024-06-26 04:00:00,18.327017635944394,27.63453101188238,0.0
2024-06-26 05:00:00,20.01270454383702,17.543886606742852,0.0
2024-06-26 06:00:00,21.488940105697267,6.254331699242699,6.781869116696537
2024-06-26 07:00:00,25.069793916383183,20.63283187463182,173.71426782459113
2024-06-26 08:00:00,22.814819514190518,28.68479930922322,331.1888528081254
2024-06-26 09:00:00,27.35960323537123,64.62438205161963,319.00236318043187
2024-06-26 10:00:00,30.882814466748897,63.64613650029449,364.8084859568734
2024-06-26 11:00:00,30.75766854735705,30.611749707304625,681.2851264500086
2024-06-26 12:00:00,25.8701381756429,9.395591127193937,770.1401667859184
2024-06-26 13:00:00,29.510879055079915,9.909869359464885,719.8184013788796
2024-06-26 14:00:00,29.168489022018463,82.65398160947858,340.514923206792
2024-06-26 15:00:00,26.543968940751913,48.869966172351454,359.3298884858972
2024-06-26 16:00:00,25.421313703123815,1.998481615956449,419.5394897362489
2024-06-26 17:00:00,25.436248025539616,52.87493358646452,130.52189457187728
2024-06-26 18:00:00,21.79429097352763,24.64553941127754,0.0
2024-06-26 19:00:00,21.46811677184526,25.9906083182477,0.0
2024-06-26 20:00:00,18.297928760716733,17.172358566993285,0.0
2024-06-26 21:00:00,15.215905610438291,80.38349608955441,0.0
2024-06-26 22:00:00,15.674807744141743,37.41398035533104,0.0
2024-06-26 23:00:00,13.12354278959293,98.18918253344006,0.0
2024-06-27 00:00:00,14.490931302906079,46.550286912059825,0.0
2024-06-27 01:00:00,12.051052871508745,0.6282985104828276,0.0
2024-06-27 02:00:00,12.923770186888785,86.80373021339143,0.0
2024-06-27 03:00:00,17.145092260120123,70.73104114314586,0.0
2024-06-27 04:00:00,16.903252555347812,19.506479653072738,0.0
2024-06-27 05:00:00,23.22778167404648,14.04966592109963,0.0
2024-06-27 06:00:00,24.76580983847313,11.952589520824485,0.0
2024-06-27 07:00:00,23.824176509147918,35.678502214063776,148.22234169798773
2024-06-27 08:00:00,24.619805480987065,45.80438587910495,261.83268115417553
2024-06-27 09:00:00,29.83030279673789,73.79659925848229,274.11828293023814
2024-06-27 10:00:00,29.203990404273018,82.28658580231104,334.7591642864013
2024-06-27 11:00:00,29.306015194542418,60.856766218719294,465.24805756798276
2024-06-27 12:00:00,32.46704850735253,11.459081800768534,718.9117738993739
2024-06-27 13:00:00,26.820545933159753,77.48358692113689,358.6728121895295
2024-06-27 14:00:00,28.44741888795152,89.65316612796863,307.29063168008685
2024-06-27 15:00:00,28.579066153255773,24.711630450794676,453.7399651272686
2024-06-27 16:00:00,25.262181952347753,41.356758773830535,295.5852924816402
2024-06-27 17:00:00,20.296101063476733,44.97725322976231,136.3355522025375
2024-06-27 18:00:00,23.124698788482686,44.23844994718983,0.0
2024-06-27 19:00:00,20.83385710304919,78.72555961683884,0.0
2024-06-27 20:00:00,14.196791442061013,20.45001925585197,0.0
2024-06-27 21:00:00,16.656758229837155,53.223810949738734,0.0
2024-06-27 22:00:00,13.783388426800377,64.39377596878138,0.0
2024-06-27 23:00:00,11.534318171454956,82.93552837910964,0.0
2024-06-28 00:00:00,16.78346955181727,52.00807344133543,0.0
2024-06-28 01:00:00,13.399007693838161,91.30038843355398,0.0
2024-06-28 02:00:00,10.974982897044423,17.100833058236997,0.0
2024-06-28 03:00:00,14.206921311691499,17.71553677875113,0.0
2024-06-28 04:00:00,16.100187447179206,90.79608510644566,0.0
2024-06-28 05:00:00,16.701110244632766,13.704953766421003,0.0
2024-06-28 06:00:00,24.409480019114007,81.24144896630409,15.21424451863981
2024-06-28 07:00:00,25.12112927035659,52.87926466808284,151.0382019725822
2024-06-28 08:00:00,26.954454185703675,65.3364058712838,237.9714499734807
2024-06-28 09:00:00,25.36949118967239,8.819167447711774,538.455763899342
2024-06-28 10:00:00,26.25747367063609,0.33258653880620104,721.298015957277
2024-06-28 11:00:00,30.573852533296964,30.563697806388078,597.0340506073883
2024-06-28 12:00:00,32.208062002593564,30.68785887062806,616.0827882440011
2024-06-28 13:00:00,30.131432600939046,50.73456952214086,515.5902562632234
2024-06-28 14:00:00,29.493733548385833,33.54498706546782,509.3714807637508
2024-06-28 15:00:00,25.28003172527169,57.93847073800807,354.2735181007575
2024-06-28 16:00:00,24.206359024029926,40.919269185745236,286.07225597885787
2024-06-28 17:00:00,23.557961576832685,33.58575249975912,168.25077737929584
2024-06-28 18:00:00,25.345269226926995,35.90446034019508,0.0
2024-06-28 19:00:00,20.447702022136678,26.260210186663702,0.0
2024-06-28 20:00:00,18.2146167615135,41.50301171324332,0.0
2024-06-28 21:00:00,17.916440408679257,39.53758527939745,0.0
2024-06-28 22:00:00,16.498864340465058,98.64873720846434,0.0
2024-06-28 23:00:00,15.341336766926979,9.312171031602423,0.0
2024-06-29 00:00:00,13.739665790917016,70.81309889646835,0.0
2024-06-29 01:00:00,16.605923005241106,56.89271872322513,0.0
2024-06-29 02:00:00,15.427945297265557,54.21604283971509,0.0
2024-06-29 03:00:00,17.423457598247765,74.83207889862557,0.0
2024-06-29 04:00:00,17.36418591044312,94.60151239991997,0.0
2024-06-29 05:00:00,19.478483736565714,44.590421756656674,0.0
2024-06-29 06:00:00,19.68446532216684,17.384849489447298,5.730438820656655
2024-06-29 07:00:00,23.878420849003327,56.267937710328255,130.29631661842234
2024-06-29 08:00:00,26.077572107388992,77.11943692704844,190.02741380936402
2024-06-29 09:00:00,29.351957334391,65.55638609075403,310.492042426523
2024-06-29 10:00:00,29.802718441202526,15.962291846420683,636.804459749983
2024-06-29 11:00:00,30.179940384499357,70.84012344639171,411.0835624918702
2024-06-29 12:00:00,29.51517586798337,27.233249851302677,632.2257407958219
2024-06-29 13:00:00,27.00898285011754,20.689639600706823,672.5764802198956
2024-06-29 14:00:00,29.785434445680476,17.15305849172819,590.78987593885
2024-06-29 15:00:00,29.228874673125635,94.0206822108176,188.53752458100553
2024-06-29 16:00:00,23.18598551192987,93.65332198192245,159.72839014184794
2024-06-29 17:00:00,19.485823384692708,62.57601128642716,143.01891407093822
2024-06-29 18:00:00,20.272495472281225,96.43829909117554,0.0
2024-06-29 19:00:00,19.412517027609972,45.26882148344974,0.0
2024-06-29 20:00:00,22.47483530015793,30.694381944031868,0.0
2024-06-29 21:00:00,17.081881480843567,45.049129389892364,0.0
2024-06-29 22:00:00,13.594756599620283,79.1939728942627,0.0
2024-06-29 23:00:00,15.255230109179282,16.932734560393726,0.0
2024-06-30 00:00:00,14.526271619066641,10.592317796597994,0.0
2024-06-30 01:00:00,15.62178472463508,26.217396376136616,0.0
2024-06-30 02:00:00,12.380955363029996,85.64040738839908,0.0
2024-06-30 03:00:00,17.312774939496386,30.552226239306645,0.0
2024-06-30 04:00:00,17.569558228313344,86.94580250461694,0.0
2024-06-30 05:00:00,23.415778951565976,40.26089868220873,0.0
2024-06-30 06:00:00,21.22083800174011,24.719664873187686,26.816852250036828
2024-06-30 07:00:00,24.887572807583425,59.07917273328987,102.37452898712796
2024-06-30 08:00:00,22.71908887999137,87.22779354976485,144.00422523174524
2024-06-30 09:00:00,30.557749206684917,1.1609924855754294,570.7010781706126
2024-06-30 10:00:00,26.18181849971899,20.82650878918859,568.935379804317
2024-06-30 11:00:00,30.55140784805174,58.75707859783444,412.3443118102511
2024-06-30 12:00:00,27.239230903805847,45.58736058901144,566.805443199132
2024-06-30 13:00:00,28.448967304855735,16.665599287796397,662.6519085486847
2024-06-30 14:00:00,28.62003549118207,70.65864303807595,370.16555302877117
2024-06-30 15:00:00,32.25049144254161,25.317781434045873,474.90654103512145
2024-06-30 16:00:00,27.481217994394452,80.01310690689061,194.51355421606098
2024-06-30 17:00:00,23.618194456884883,88.52295535007595,89.75855837930597
2024-06-30 18:00:00,22.05734851788442,39.05443677411695,0.0
2024-06-30 19:00:00,19.227471150835065,98.08645821034744,0.0
2024-06-30 20:00:00,18.942494148689722,47.76920076309672,0.0
2024-06-30 21:00:00,15.643997836813448,59.46555954088828,0.0
2024-06-30 22:00:00,14.306604220940718,92.14326045382944,0.0
2024-06-30 23:00:00,13.613729241409839,52.10787652053477,0.0
2024-07-01 00:00:00,17.685456916050867,95.2829939968876,0.0
2024-07-01 01:00:00,10.0,78.44965790364117,0.0
2024-07-01 02:00:00,14.891542351670042,27.58868809309174,0.0
2024-07-01 03:00:00,15.993823050306146,46.23054755984498,0.0
2024-07-01 04:00:00,20.525239112643924,54.15659924240186,0.0
2024-07-01 05:00:00,22.146521163005936,91.91094902595654,0.0
2024-07-01 06:00:00,22.361435515294882,16.401337728397724,0.0
2024-07-01 07:00:00,26.52710952128161,50.83237625795351,137.94152641137333
2024-07-01 08:00:00,28.52203757309354,6.648620867704558,383.23094907531777
2024-07-01 09:00:00,25.174520563627794,68.54907376973767,271.4645786095614
2024-07-01 10:00:00,31.383850499311873,76.9758005487368,335.5706091943824
2024-07-01 11:00:00,28.814242835237714,65.48009960481103,374.94558444493975
2024-07-01 12:00:00,30.73561210409172,31.250066076067128,608.4362570103913
2024-07-01 13:00:00,33.64296522254089,21.57776439186466,633.0671873984245
2024-07-01 14:00:00,29.262073197896587,18.3283371080173,627.7860498354852
2024-07-01 15:00:00,30.59026202478632,55.09504700215313,369.7814380505383
2024-07-01 16:00:00,24.893851116484655,23.315769264620567,340.17480184204044
2024-07-01 17:00:00,22.828682304276526,63.11069397719267,117.19532772529182
2024-07-01 18:00:00,20.04311537468954,81.8174145582278,0.0
2024-07-01 19:00:00,19.595787747462122,8.753138960306394,0.0
2024-07-01 20:00:00,18.505188973391817,98.6214307706376,0.0
2024-07-01 21:00:00,16.471399354463752,23.839427654965185,0.0
2024-07-01 22:00:00,12.965722135759085,88.55222128673242,0.0
2024-07-01 23:00:00,14.383804324977435,10.45911440896311,0.0
2024-07-02 00:00:00,16.00428457773774,98.98302265767823,0.0
2024-07-02 01:00:00,14.556661996872691,64.27165923497657,0.0
2024-07-02 02:00:00,11.990345556510446,80.77453204286911,0.0
2024-07-02 03:00:00,16.67460009778749,11.851038925482872,0.0
2024-07-02 04:00:00,13.950546370755909,15.712762738544118,0.0
2024-07-02 05:00:00,22.034061935335217,44.417294890141,0.0
2024-07-02 06:00:00,21.51744889672661,69.29967258417533,0.0
2024-07-02 07:00:00,23.950324515944796,65.19394484603667,120.24578124350012
2024-07-02 08:00:00,25.156189023917396,59.96432355530046,247.75047888764382
2024-07-02 09:00:00,28.33373009643389,95.07739378634533,224.44564379728033
2024-07-02 10:00:00,28.299996440694034,75.99116434741507,335.44492569222496
2024-07-02 11:00:00,30.00364018308792,18.6996076357557,626.3991052956216
2024-07-02 12:00:00,29.392712007900315,50.31402107821498,516.2141466703316
2024-07-02 13:00:00,28.41308536926792,12.872546739488765,718.927257876064
2024-07-02 14:00:00,34.3527047444761,55.70849519635408,423.17748636706324
2024-07-02 15:00:00,27.472857955028214,30.796793887448338,431.3799746650873
2024-07-02 16:00:00,26.989434425728472,76.42326354751485,179.7681094003102
2024-07-02 17:00:00,28.197953611854075,27.16119417623467,161.73425305274196
2024-07-02 18:00:00,21.712335163549117,45.63911103733365,0.0
2024-07-02 19:00:00,22.474591846475903,95.4420684354565,0.0
2024-07-02 20:00:00,17.461693222748547,20.443061055959845,0.0
2024-07-02 21:00:00,15.629561285825982,98.38930159393571,0.0
2024-07-02 22:00:00,15.582582780093217,70.14267994401246,0.0
2024-07-02 23:00:00,11.204031625423887,67.5128955354602,0.0
2024-07-03 00:00:00,15.03557507161598,4.547500148200734,0.0
2024-07-03 01:00:00,15.270376138457618,4.161341866938939,0.0
2024-07-03 02:00:00,14.107650816788174,74.81501543665051,0.0
2024-07-03 03:00:00,16.413116535625875,11.534115065639238,0.0
2024-07-03 04:00:00,17.178173334102485,89.84971639168441,0.0
2024-07-03 05:00:00,19.273365054647087,16.660141887011946,0.0
2024-07-03 06:00:00,22.516309747216052,53.5023504585681,0.0
2024-07-03 07:00:00,24.42618686432632,33.33261606062492,149.29085321109181
2024-07-03 08:00:00,27.4159502457252,13.451991789201434,319.2966745368385
2024-07-03 09:00:00,26.664432060141955,48.2290610607358,359.4345011618136
2024-07-03 10:00:00,28.01846102134046,91.1913794544077,240.73961663542
2024-07-03 11:00:00,26.298969440343733,38.09915690012463,532.5208365692488
2024-07-03 12:00:00,30.44504002688238,53.07029759586182,500.1972166256319
2024-07-03 13:00:00,31.699577516177865,30.617956099728172,588.8867946494709
2024-07-03 14:00:00,29.08085132038858,30.785731748679968,534.7662321815187
2024-07-03 15:00:00,30.19754048397003,51.70664184938817,371.44504092828123
2024-07-03 16:00:00,24.033945568263896,97.58126187992515,96.86827782296416
2024-07-03 17:00:00,24.152288402801016,25.2583541105713,184.4570267630197
2024-07-03 18:00:00,22.091585208048194,92.36518704015445,0.0
2024-07-03 19:00:00,23.92207288010131,95.75553744972977,0.0
2024-07-03 20:00:00,21.36241121193539,84.59339648411692,0.0
2024-07-03 21:00:00,18.533280211555542,86.06815620604154,0.0
2024-07-03 22:00:00,12.8076167909737,98.75095723168552,0.0
2024-07-03 23:00:00,15.234934329396449,36.238024547232314,0.0
2024-07-04 00:00:00,12.645239592041623,83.16204015908278,0.0
2024-07-04 01:00:00,15.074340445107143,7.116974337226201,0.0
2024-07-04 02:00:00,16.156968390944655,88.08638697957174,0.0
2024-07-04 03:00:00,15.719890455435513,8.880104117216003,0.0
2024-07-04 04:00:00,15.089451680555177,72.91719101677272,0.0
2024-07-04 05:00:00,18.581557398817218,24.34336432070533,0.0
2024-07-04 06:00:00,21.229847289329218,21.192499353131954,24.462201150972106
2024-07-04 07:00:00,26.4959647216316,53.46229341468938,95.38996202601075
2024-07-04 08:00:00,27.324160723148786,24.738487820050416,338.49369614649817
2024-07-04 09:00:00,32.379148810040135,30.13225237531303,435.83186573578683
2024-07-04 10:00:00,28.09036774026444,69.55103145315995,347.2966677851062
2024-07-04 11:00:00,28.799116427583783,91.33844253214014,288.35302454096825
2024-07-04 12:00:00,30.44670040627934,80.39849406378605,370.00561566888587
2024-07-04 13:00:00,27.148776208514075,95.25316428519042,272.6027456249186
2024-07-04 14:00:00,29.160934925042948,1.6554529211767588,649.1305956177245
2024-07-04 15:00:00,29.264110212165967,42.09888396234492,364.3925179001659
2024-07-04 16:00:00,23.674384408757813,3.6188098109212863,376.8721386594327
2024-07-04 17:00:00,25.677079413779786,83.87099907953662,63.36804662029835
2024-07-04 18:00:00,19.59566738512981,92.99638052528118,0.0
2024-07-04 19:00:00,16.667297075396494,83.59700521613425,0.0
2024-07-04 20:00:00,18.990146652494875,55.45888886477375,0.0
2024-07-04 21:00:00,16.194360855360326,2.6289875293418974,0.0
2024-07-04 22:00:00,16.373819426518306,99.99481297542515,0.0
2024-07-04 23:00:00,12.24246217450277,3.4576373142182537,0.0
2024-07-05 00:00:00,13.466642360470114,98.07109628597699,0.0
2024-07-05 01:00:00,15.971455769822256,83.14422466384508,0.0
2024-07-05 02:00:00,15.766706687573391,63.83708631713486,0.0
2024-07-05 03:00:00,17.186468816160286,40.7899482559661,0.0
2024-07-05 04:00:00,18.053426471970354,89.42933218624678,0.0
2024-07-05 05:00:00,24.812464626254204,89.45638808048957,0.0
2024-07-05 06:00:00,21.121719625786167,47.84780045172702,0.0
2024-07-05 07:00:00,24.847279577919046,59.503039600966304,101.80409636781583
2024-07-05 08:00:00,27.2266680207107,92.248648904896,155.12151569198528
2024-07-05 09:00:00,29.286743139882223,32.852320370023214,410.99808040998767
2024-07-05 10:00:00,27.627782858571365,85.93594603992565,306.41666213999343
2024-07-05 11:00:00,27.867790491393816,98.95470568282283,250.28301263962234
2024-07-05 12:00:00,30.3427178837883,67.09309121163406,433.8165473110721
2024-07-05 13:00:00,27.101154789518223,1.2660241950557927,765.3295696105803
2024-07-05 14:00:00,27.474808012038714,60.00312420008538,398.73692240702957
2024-07-05 15:00:00,32.13530464116103,26.33667148738126,452.7604170861346
2024-07-05 16:00:00,26.23845247481748,29.16506689122409,315.9305461883688
2024-07-05 17:00:00,23.15442386093343,34.06794308954074,141.47540533821436
2024-07-05 18:00:00,22.383483004298757,34.97795494897883,0.0
2024-07-05 19:00:00,19.825115758963296,26.658505118754704,0.0
2024-07-05 20:00:00,15.692245411843203,4.778242696047419,0.0
2024-07-05 21:00:00,15.73741743859776,55.880683531625365,0.0
2024-07-05 22:00:00,19.305780278556753,14.355335039717643,0.0
2024-07-05 23:00:00,15.188264340280414,99.19750364421797,0.0
2024-07-06 00:00:00,11.989511492363421,11.563138295403741,0.0
2024-07-06 01:00:00,14.794188195834042,99.25768907152676,0.0
2024-07-06 02:00:00,15.710296992863332,53.30304518240193,0.0
2024-07-06 03:00:00,14.518142677654119,47.432438557228785,0.0
2024-07-06 04:00:00,14.037954201880728,54.96259531570193,0.0
2024-07-06 05:00:00,21.198122454661302,59.5854048617736,0.0
2024-07-06 06:00:00,21.447838653421268,26.328577902842078,0.0
2024-07-06 07:00:00,28.436127422650628,31.627121870415685,170.01112664412926
2024-07-06 08:00:00,27.769662963990477,42.13832516264069,328.0413098139055
2024-07-06 09:00:00,29.81877525078812,45.123808769132104,357.036792683985
2024-07-06 10:00:00,30.660442575246805,36.022630511716095,534.8219190638042
2024-07-06 11:00:00,25.945495209794238,1.7661096889723837,690.1197262271173
2024-07-06 12:00:00,28.182692790277017,25.072056238703723,668.8241901688724
2024-07-06 13:00:00,28.05679272286999,28.0006228509163,634.0961988766259
2024-07-06 14:00:00,29.725236475608835,25.54253609120941,595.5803109123558
2024-07-06 15:00:00,28.31340268865556,84.42260618860672,205.82173190758581
2024-07-06 16:00:00,23.796207955360835,40.67085201948808,282.5696283344045
2024-07-06 17:00:00,24.16651571639925,52.426942742452894,120.3924783346382
2024-07-06 18:00:00,22.242179385534467,73.87163698706823,0.0
2024-07-06 19:00:00,21.146824024127664,4.827657978984556,0.0
2024-07-06 20:00:00,16.583779844242272,29.72439330368769,0.0
2024-07-06 21:00:00,16.315962110952952,28.967099239385874,0.0
2024-07-06 22:00:00,16.15497610721121,72.98769430523522,0.0
2024-07-06 23:00:00,16.79747905611921,53.546443099156306,0.0
2024-07-07 00:00:00,11.406094284955147,14.393881868117342,0.0
2024-07-07 01:00:00,16.633145462344615,70.88608008493095,0.0
2024-07-07 02:00:00,14.806178648879017,13.721009598659473,0.0
2024-07-07 03:00:00,13.810865384762756,29.13950448021555,0.0
2024-07-07 04:00:00,15.075055345537395,99.6739285840497,0.0
2024-07-07 05:00:00,24.04133777304409,81.91723518244109,0.0
2024-07-07 06:00:00,24.667429125059993,95.44864871754618,8.35616690843052
2024-07-07 07:00:00,23.857006945691527,28.899953524767387,166.6637821608996
2024-07-07 08:00:00,27.73504681708227,54.28234030783325,218.46914092298488
2024-07-07 09:00:00,22.773299887853447,14.794741428383485,519.8280323506177
2024-07-07 10:00:00,32.18626609737447,79.97413680833304,319.70391301124425
2024-07-07 11:00:00,30.403155378304117,2.5384898703412873,777.3744655744111
2024-07-07 12:00:00,29.669818490145303,28.80488688510804,642.7230693550798
2024-07-07 13:00:00,30.409401715821563,35.20707129953843,570.3494265094049
2024-07-07 14:00:00,25.097069799853184,77.07786571023243,304.9980842200854
2024-07-07 15:00:00,27.403984393171335,28.530926293612445,470.7222904389917
2024-07-07 16:00:00,27.651357838218715,34.0506132939552,259.8948401288092
2024-07-07 17:00:00,22.294293592153117,83.8149211287738,90.86893134072106
2024-07-07 18:00:00,23.63989888099354,63.17495779724953,0.0
2024-07-07 19:00:00,21.025957590904405,70.99408201133036,0.0
2024-07-07 20:00:00,21.047686649463017,31.091323523612147,0.0
2024-07-07 21:00:00,20.22548688577591,37.34114020039863,0.0
2024-07-07 22:00:00,13.84699196003307,47.026050957769904,0.0
2024-07-07 23:00:00,13.779131643387142,73.61660700002274,0.0
2024-07-08 00:00:00,13.126674630695543,90.42537698567187,0.0
2024-07-08 01:00:00,17.908440400601673,61.418768509724856,0.0
2024-07-08 02:00:00,12.36775994167236,51.131572594429265,0.0
2024-07-08 03:00:00,16.312366293113342,4.08372628117728,0.0
2024-07-08 04:00:00,14.697661794146104,74.44180303905603,0.0
2024-07-08 05:00:00,21.733144486003166,86.11752265073883,0.0
2024-07-08 06:00:00,23.1084526482956,0.44369942488547975,8.361643572456096
2024-07-08 07:00:00,24.11761519197621,34.069428422005,172.78297850457005
2024-07-08 08:00:00,26.48742608816816,71.85956195859212,168.03177331765966
2024-07-08 09:00:00,26.706401754507855,18.78562346331544,509.18857795889
2024-07-08 10:00:00,31.010036185677233,82.42710391434396,325.2883875245836
2024-07-08 11:00:00,29.255352188167862,98.25217432707896,245.2399279637593
2024-07-08 12:00:00,32.482190714737754,84.91515546399171,293.7508852024649
2024-07-08 13:00:00,29.15912553900427,58.62769379384609,465.03411501411887
2024-07-08 14:00:00,28.645952057136967,18.46753638027,623.7574625842248
2024-07-08 15:00:00,23.83704457521801,27.55681103415131,487.02860777291056
2024-07-08 16:00:00,25.839376897452638,3.1249491368527726,363.75238083976024
2024-07-08 17:00:00,28.57846226599677,7.656018654989138,199.73757187381767
2024-07-08 18:00:00,19.97711325585729,72.56126571503587,0.0
2024-07-08 19:00:00,22.172365829512426,84.05766391938573,0.0
2024-07-08 20:00:00,17.469333358083283,67.60020689425308,0.0
2024-07-08 21:00:00,17.13789435926632,44.379903014936474,0.0
2024-07-08 22:00:00,15.352464151764014,19.3231298733306,0.0
2024-07-08 23:00:00,13.027379987109049,33.69483965144888,0.0
2024-07-09 00:00:00,15.294985971297196,70.08358150150754,0.0
2024-07-09 01:00:00,16.05256437483041,42.32235013827646,0.0
2024-07-09 02:00:00,14.678427198588881,85.18323375337022,0.0
2024-07-09 03:00:00,18.68759328520353,47.42210081978686,0.0
2024-07-09 04:00:00,15.912555885292116,32.56916274372532,0.0
2024-07-09 05:00:00,19.67340446479807,10.029077840718958,0.0
2024-07-09 06:00:00,20.909245939586988,34.625057203622234,0.0
2024-07-09 07:00:00,26.36617363693039,74.23138391332215,94.89953785983083
2024-07-09 08:00:00,30.58049231105649,8.100256895396306,376.26899138294783
2024-07-09 09:00:00,27.45843546470137,86.80117777400632,238.48587670221536
2024-07-09 10:00:00,31.039827674740806,40.617010660363974,491.35894803975447
2024-07-09 11:00:00,29.08835123031375,10.81730007514402,717.6584923897365
2024-07-09 12:00:00,30.62205538186084,38.92085594036775,588.47521154432
2024-07-09 13:00:00,31.307550843158197,88.59991720291913,267.17626422123845
2024-07-09 14:00:00,28.087221504155643,64.87690214792856,379.37127168212743
2024-07-09 15:00:00,26.565973519858744,64.13936342924586,331.185144894201
2024-07-09 16:00:00,26.89271085930773,35.40134571136041,266.78599899901974
2024-07-09 17:00:00,20.484389727202196,4.446924507514205,224.25362307331434
2024-07-09 18:00:00,25.846060875619017,32.167274173252125,0.0
2024-07-09 19:00:00,18.58058383781115,53.63090571409415,0.0
2024-07-09 20:00:00,19.843619127837552,80.20842325946835,0.0
2024-07-09 21:00:00,16.69795072660227,35.70253448797403,0.0
2024-07-09 22:00:00,17.597236048618107,56.011932692867425,0.0
2024-07-09 23:00:00,14.295141350732905,91.38840867044489,0.0
2024-07-10 00:00:00,13.811573921163173,28.211302989446807,0.0
2024-07-10 01:00:00,15.93239268264524,81.94586793831729,0.0
2024-07-10 02:00:00,17.095080759652465,78.67270214982676,0.0
2024-07-10 03:00:00,19.22831389104039,68.84048318917253,0.0
2024-07-10 04:00:00,15.711732701499095,11.337704512569303,0.0
2024-07-10 05:00:00,18.257262739512907,90.48121549941737,0.0
2024-07-10 06:00:00,21.164074804410276,8.85360474786544,4.752358294966021
2024-07-10 07:00:00,26.657241901021223,47.17282072720636,139.3376819251621
2024-07-10 08:00:00,26.10840345534205,60.014474355170414,213.07131397789536
2024-07-10 09:00:00,26.51685559103229,6.392878344491781,563.4557420405488
2024-07-10 10:00:00,30.626597463392677,85.66758262611049,286.16237776681163
2024-07-10 11:00:00,28.81592319541762,92.48020017214469,266.276008578956
2024-07-10 12:00:00,30.944701805620472,58.046295486902075,489.2454566026664
2024-07-10 13:00:00,28.948633552810097,68.32176731110904,406.4061970248181
2024-07-10 14:00:00,32.547965053662914,41.28717120497889,525.1012455750724
2024-07-10 15:00:00,24.947198947142137,21.158093820950985,454.54908515917293
2024-07-10 16:00:00,23.496933560411087,60.12975067787675,254.054213115442
2024-07-10 17:00:00,24.653208132849535,11.067573664083142,183.49550602256863
2024-07-10 18:00:00,19.286975123630107,76.42830221779022,0.0
2024-07-10 19:00:00,19.828487718917923,23.272091378549387,0.0
2024-07-10 20:00:00,14.236369438590838,55.26344856121762,0.0
2024-07-10 21:00:00,17.577170906207996,85.22017827346822,0.0
2024-07-10 22:00:00,14.724777337197219,48.563983549199044,0.0
2024-07-10 23:00:00,10.0,52.168883530844376,0.0
2024-07-11 00:00:00,12.454693996004044,99.31268155406109,0.0
2024-07-11 01:00:00,15.10143509561881,72.78457211944254,0.0
2024-07-11 02:00:00,18.941592730223803,54.60750664603694,0.0
2024-07-11 03:00:00,17.349282554356545,98.27690827727355,0.0
2024-07-11 04:00:00,18.845076440837545,32.240065400671625,0.0
2024-07-11 05:00:00,18.192427359074266,45.59684097478556,0.0
2024-07-11 06:00:00,18.611247238492822,40.37213696447137,0.0
2024-07-11 07:00:00,24.763393667893542,54.436381506516305,131.44736604344655
2024-07-11 08:00:00,24.18731684748349,42.95004780598084,323.9573063707551
2024-07-11 09:00:00,26.81088540284838,19.125532309319382,521.8183083393129
2024-07-11 10:00:00,30.610104711994456,38.592762622700796,500.321076881275
2024-07-11 11:00:00,32.83061871628179,85.71459150967247,345.3583873187364
2024-07-11 12:00:00,34.59984693152374,65.38030707926326,400.14084097590927
2024-07-11 13:00:00,25.87956662828625,90.0434300626857,273.10435002393126
2024-07-11 14:00:00,32.22808871808458,19.09796030753951,598.9308712586223
2024-07-11 15:00:00,29.541279007671587,15.306052323133956,542.838238564495
2024-07-11 16:00:00,26.729064997278442,73.5104842867445,174.8700772678065
2024-07-11 17:00:00,22.95227699602803,64.91842787274489,101.06574802923262
2024-07-11 18:00:00,23.18829082276929,74.01303336375155,0.0
2024-07-11 19:00:00,19.164690707969836,28.043540928031497,0.0
2024-07-11 20:00:00,14.900514163567609,41.39297087821666,0.0
2024-07-11 21:00:00,18.50674575666612,19.029486035539712,0.0
2024-07-11 22:00:00,17.328162712289288,48.665364830964364,0.0
2024-07-11 23:00:00,14.286525262774516,33.43040063433014,0.0
2024-07-12 00:00:00,16.763115325802172,55.70528740567235,0.0
2024-07-12 01:00:00,14.865246265907182,87.2570062474455,0.0
2024-07-12 02:00:00,13.3984908564021,77.71169568519525,0.0
2024-07-12 03:00:00,15.000091928652317,70.22559125501128,0.0
2024-07-12 04:00:00,19.795126998177675,99.25501323113633,0.0
2024-07-12 05:00:00,23.157244603705987,62.26173746924236,0.0
2024-07-12 06:00:00,21.87761983559195,2.7914025771162865,12.48206685172439
2024-07-12 07:00:00,21.332778584052196,97.51481253746651,43.14881694526693
2024-07-12 08:00:00,25.44640568947509,38.607000056676796,280.8653940040873
2024-07-12 09:00:00,28.193828901802224,20.324895645716346,492.276748755094
2024-07-12 10:00:00,28.81523727010326,19.665637748411548,585.3280874552191
2024-07-12 11:00:00,31.122670454195706,30.147461754072168,615.4063979347728
2024-07-12 12:00:00,25.415199560295285,90.4279261219112,328.3268934785654
2024-07-12 13:00:00,32.351173741183274,88.73140904259503,291.93727689819053
2024-07-12 14:00:00,27.489686416192274,54.91195097680922,410.871069296575
2024-07-12 15:00:00,25.516440689037715,22.453819932615048,475.21606858124267
